{"cameraMode":{"drawMode":0,"name":"Shaded","section":"Shading Mode"},"sceneLighting":false,"audioPlay":false,"sceneViewState":{"showFog":true,"showMaterialUpdate":false,"showSkybox":false,"showFlares":true,"showImageEffects":true,"showParticleSystems":true},"in2DMode":false,"pivot":{"x":-22.000003814697267,"y":6.200000286102295,"z":19.0},"rotation":{"x":-0.1455991417169571,"y":0.2605332136154175,"z":-0.03974704444408417,"w":-0.9536328315734863},"size":30.390535354614259,"orthographic":true}