{"cameraMode":{"drawMode":0,"name":"Shaded","section":"Shading Mode"},"sceneLighting":true,"audioPlay":false,"sceneViewState":{"showFog":true,"showMaterialUpdate":false,"showSkybox":true,"showFlares":true,"showImageEffects":true,"showParticleSystems":true},"in2DMode":false,"pivot":{"x":-0.349609375,"y":-7.08349609375,"z":4.114501953125},"rotation":{"x":-0.07045252621173859,"y":-0.5628532767295837,"z":0.04826423153281212,"w":-0.8221749067306519},"size":6.1138224601745609,"orthographic":true}